{
  "Aruba": {
    "Longitude": -69.98267711,
    "Latitude": 12.52088038
  },
  "Afghanistan": {
    "Longitude": 66.00473366,
    "Latitude": 33.83523073
  },
  "Angola": {
    "Longitude": 17.53736768,
    "Latitude": -12.29336054
  },
  "Anguilla": {
    "Longitude": -63.06498927,
    "Latitude": 18.2239595
  },
  "Albania": {
    "Longitude": 20.04983396,
    "Latitude": 41.14244989
  },
  "Aland": {
    "Longitude": 19.95328768,
    "Latitude": 60.21488688
  },
  "Andorra": {
    "Longitude": 1.56054378,
    "Latitude": 42.54229102
  },
  "United Arab Emirates": {
    "Longitude": 54.3001671,
    "Latitude": 23.90528188
  },
  "Argentina": {
    "Longitude": -65.17980692,
    "Latitude": -35.3813488
  },
  "Armenia": {
    "Longitude": 44.92993276,
    "Latitude": 40.28952569
  },
  "American Samoa": {
    "Longitude": -170.71802575,
    "Latitude": -14.30445997
  },
  "Antarctica": {
    "Longitude": 19.92108951,
    "Latitude": -80.50857913
  },
  "Ashmore and Cartier Islands": {
    "Longitude": 123.58383789,
    "Latitude": -12.42993164
  },
  "French Southern and Antarctic Lands": {
    "Longitude": 69.22666758,
    "Latitude": -49.24895485
  },
  "Antigua and Barbuda": {
    "Longitude": -61.79469343,
    "Latitude": 17.2774996
  },
  "Australia": {
    "Longitude": 134.49100008,
    "Latitude": -25.73288704
  },
  "Austria": {
    "Longitude": 14.1264761,
    "Latitude": 47.58549439
  },
  "Azerbaijan": {
    "Longitude": 47.54599879,
    "Latitude": 40.28827235
  },
  "Burundi": {
    "Longitude": 29.87512156,
    "Latitude": -3.35939666
  },
  "Belgium": {
    "Longitude": 4.64065114,
    "Latitude": 50.63981576
  },
  "Benin": {
    "Longitude": 2.32785254,
    "Latitude": 9.6417597
  },
  "Burkina Faso": {
    "Longitude": -1.75456601,
    "Latitude": 12.26953846
  },
  "Bangladesh": {
    "Longitude": 90.23812743,
    "Latitude": 23.86731158
  },
  "Bulgaria": {
    "Longitude": 25.21552909,
    "Latitude": 42.76890318
  },
  "Bahrain": {
    "Longitude": 50.54196932,
    "Latitude": 26.04205135
  },
  "Canada": {
    "Longitude": -98.30777028,
    "Latitude": 61.36206324
  },
  "The Bahamas": {
    "Longitude": -76.62843038,
    "Latitude": 24.29036702
  },
  "Bosnia and Herzegovina": {
    "Longitude": 17.76876733,
    "Latitude": 44.17450125
  },
  "Saint Barthelemy": {
    "Longitude": -62.84067779,
    "Latitude": 17.89880451
  },
  "Belarus": {
    "Longitude": 28.03209307,
    "Latitude": 53.53131377
  },
  "Belize": {
    "Longitude": -88.71010486,
    "Latitude": 17.20027509
  },
  "Bermuda": {
    "Longitude": -64.7545589,
    "Latitude": 32.31367802
  },
  "Bolivia": {
    "Longitude": -64.68538645,
    "Latitude": -16.70814787
  },
  "Brazil": {
    "Longitude": -53.09783113,
    "Latitude": -10.78777702
  },
  "Barbados": {
    "Longitude": -59.559797,
    "Latitude": 13.18145428
  },
  "Brunei": {
    "Longitude": 114.72203035,
    "Latitude": 4.51968958
  },
  "Bhutan": {
    "Longitude": 90.40188155,
    "Latitude": 27.41106589
  },
  "Botswana": {
    "Longitude": 23.79853368,
    "Latitude": -22.18403213
  },
  "Central African Republic": {
    "Longitude": 20.46826831,
    "Latitude": 6.56823297
  },
  "Switzerland": {
    "Longitude": 8.20867471,
    "Latitude": 46.79785878
  },
  "Chile": {
    "Longitude": -71.38256213,
    "Latitude": -37.73070989
  },
  "China": {
    "Longitude": 103.81907349,
    "Latitude": 36.56176546
  },
  "Ivory Coast": {
    "Longitude": -5.5692157,
    "Latitude": 7.6284262
  },
  "Cameroon": {
    "Longitude": 12.73964156,
    "Latitude": 5.69109849
  },
  "Democratic Republic of the Congo": {
    "Longitude": 23.64396107,
    "Latitude": -2.87746289
  },
  "Republic of Congo": {
    "Longitude": 15.21965762,
    "Latitude": -0.83787463
  },
  "Cook Islands": {
    "Longitude": -159.78724218,
    "Latitude": -21.21927288
  },
  "Colombia": {
    "Longitude": -73.08114582,
    "Latitude": 3.91383431
  },
  "Comoros": {
    "Longitude": 43.68253968,
    "Latitude": -11.87783444
  },
  "Cape Verde": {
    "Longitude": -23.9598882,
    "Latitude": 15.95523324
  },
  "Costa Rica": {
    "Longitude": -84.19208768,
    "Latitude": 9.97634464
  },
  "Cuba": {
    "Longitude": -79.01605384,
    "Latitude": 21.62289528
  },
  "Curaçao": {
    "Longitude": -68.97119369,
    "Latitude": 12.19551675
  },
  "Cayman Islands": {
    "Longitude": -80.91213321,
    "Latitude": 19.42896497
  },
  "Northern Cyprus": {
    "Longitude": 33.5684813,
    "Latitude": 35.26277486
  },
  "Cyprus": {
    "Longitude": 33.0060022,
    "Latitude": 34.91667211
  },
  "Czech Republic": {
    "Longitude": 15.31240163,
    "Latitude": 49.73341233
  },
  "Germany": {
    "Longitude": 10.38578051,
    "Latitude": 51.10698181
  },
  "Djibouti": {
    "Longitude": 42.5606754,
    "Latitude": 11.74871806
  },
  "Dominica": {
    "Longitude": -61.357726,
    "Latitude": 15.4394702
  },
  "Denmark": {
    "Longitude": 10.02800992,
    "Latitude": 55.98125296
  },
  "Dominican Republic": {
    "Longitude": -70.50568896,
    "Latitude": 18.89433082
  },
  "Algeria": {
    "Longitude": 2.61732301,
    "Latitude": 28.15893849
  },
  "Ecuador": {
    "Longitude": -78.75201922,
    "Latitude": -1.42381612
  },
  "Egypt": {
    "Longitude": 29.86190099,
    "Latitude": 26.49593311
  },
  "Eritrea": {
    "Longitude": 38.84617011,
    "Latitude": 15.36186618
  },
  "Spain": {
    "Longitude": -3.64755047,
    "Latitude": 40.24448698
  },
  "Estonia": {
    "Longitude": 25.54248537,
    "Latitude": 58.67192972
  },
  "Ethiopia": {
    "Longitude": 39.60080098,
    "Latitude": 8.62278679
  },
  "Finland": {
    "Longitude": 26.2746656,
    "Latitude": 64.49884603
  },
  "Fiji": {
    "Longitude": 165.45195432,
    "Latitude": -17.42858032
  },
  "Falkland Islands": {
    "Longitude": -59.35238956,
    "Latitude": -51.74483954
  },
  "France": {
    "Longitude": -2.76172945,
    "Latitude": 42.17344011
  },
  "Faroe Islands": {
    "Longitude": -6.88095423,
    "Latitude": 62.05385403
  },
  "Federated States of Micronesia": {
    "Longitude": 153.23943792,
    "Latitude": 7.45246814
  },
  "Gabon": {
    "Longitude": 11.7886287,
    "Latitude": -0.58660025
  },
  "United Kingdom": {
    "Longitude": -2.86563164,
    "Latitude": 54.12387156
  },
  "Georgia": {
    "Longitude": 43.50780252,
    "Latitude": 42.16855755
  },
  "Guernsey": {
    "Longitude": -2.57239064,
    "Latitude": 49.46809761
  },
  "Ghana": {
    "Longitude": -1.21676566,
    "Latitude": 7.95345644
  },
  "Guinea": {
    "Longitude": -10.94066612,
    "Latitude": 10.43621593
  },
  "Gambia": {
    "Longitude": -15.39601295,
    "Latitude": 13.44965244
  },
  "Guinea Bissau": {
    "Longitude": -14.94972445,
    "Latitude": 12.04744948
  },
  "Equatorial Guinea": {
    "Longitude": 10.34137924,
    "Latitude": 1.70555135
  },
  "Greece": {
    "Longitude": 22.95555794,
    "Latitude": 39.07469623
  },
  "Grenada": {
    "Longitude": -61.68220189,
    "Latitude": 12.11725044
  },
  "Greenland": {
    "Longitude": -41.34191127,
    "Latitude": 74.71051289
  },
  "Guatemala": {
    "Longitude": -90.36482009,
    "Latitude": 15.69403664
  },
  "Guam": {
    "Longitude": 144.76791022,
    "Latitude": 13.44165626
  },
  "Guyana": {
    "Longitude": -58.98202459,
    "Latitude": 4.79378034
  },
  "Hong Kong S.A.R.": {
    "Longitude": 114.11380454,
    "Latitude": 22.39827737
  },
  "Heard Island and McDonald Islands": {
    "Longitude": 73.5205171,
    "Latitude": -53.08724656
  },
  "Honduras": {
    "Longitude": -86.6151661,
    "Latitude": 14.82688165
  },
  "Croatia": {
    "Longitude": 16.40412899,
    "Latitude": 45.08047631
  },
  "Haiti": {
    "Longitude": -72.68527509,
    "Latitude": 18.93502563
  },
  "Hungary": {
    "Longitude": 19.39559116,
    "Latitude": 47.16277506
  },
  "Indonesia": {
    "Longitude": 117.24011366,
    "Latitude": -2.21505456
  },
  "Isle of Man": {
    "Longitude": -4.53873952,
    "Latitude": 54.22418911
  },